signal_time,symbol,side,playbook,score,macro_trend,momentum_rsi,momentum_ema,momentum_macd,sr_proximity,sr_quality,structural_events,ls_ratio,funding_rate,oi_behavior,nearest_level,nearest_label,entry,sl,tp,rr,sl_pct,outcome,R,mae_R,mfe_R,reached_half,bars_held,n_fills,fill_time,exit_time,ext_4h_ema200,ltf_exh,ltf_hard,adx
2023-07-22 02:00:00+00:00,BTCUSD,LONG,continuation,59,16,2,10,3,15,4,4,1,3,1,29705.486,D1_SUPPORT,29875.60904,29408.43114,31114.2425,2.651,0.0156,SL,-0.661,-1.874,1.015,False,53,3,2023-07-22 04:00:00+00:00,2023-07-24 09:00:00+00:00,0.0077,5.0,False,29.5
2023-09-17 22:00:00+00:00,BTCUSD,SHORT,continuation,62,16,2,10,3,15,4,4,4,3,1,26681.272857,D1_RESISTANCE,26544.97398,26948.085586,25667.743571,2.176,0.0152,SL,-1.079,-1.598,0.253,False,10,2,2023-09-18 00:00:00+00:00,2023-09-18 10:00:00+00:00,-0.0055,5.0,False,28.9
2023-09-20 07:00:00+00:00,BTCUSD,LONG,continuation,56,25,2,7,1,9,4,0,4,3,1,26646.818333,D1_SUPPORT,27019.42299,26614.131645,28437.942697,3.5,0.015,SL,-1.08,-1.136,0.692,False,27,2,2023-09-20 09:00:00+00:00,2023-09-21 12:00:00+00:00,0.0157,12.0,False,29.8
2023-09-29 01:00:00+00:00,BTCUSD,LONG,continuation,65,25,5,7,3,10,3,4,4,3,1,26750.55,D1_SUPPORT,26963.625964,26559.171574,28379.216327,3.5,0.015,TP,2.107,-0.738,3.626,True,77,5,2023-09-29 02:00:00+00:00,2023-10-02 07:00:00+00:00,0.0156,13.0,False,34.6
2023-10-04 12:00:00+00:00,BTCUSD,LONG,continuation,59,25,5,10,1,5,4,4,1,3,1,26750.55,D1_SUPPORT,27514.87996,26483.0445,29762.488333,2.178,0.0375,TIMEOUT,-0.337,-0.946,0.756,False,240,3,2023-10-04 13:00:00+00:00,2023-10-14 13:00:00+00:00,0.0271,8.0,False,27.7
2023-10-16 18:00:00+00:00,BTCUSD,LONG,continuation,62,25,0,7,5,12,3,5,1,3,1,28460.916,D1_SUPPORT,28300.04223,27875.541597,29762.488333,3.445,0.015,TP,2.073,-0.544,3.64,True,83,5,2023-10-16 21:00:00+00:00,2023-10-20 08:00:00+00:00,0.0542,6.0,False,33.0
2023-10-21 21:00:00+00:00,BTCUSD,LONG,continuation,72,25,5,7,3,15,4,5,4,3,1,29796.418571,D1_SUPPORT,29924.34138,29475.476259,31114.2425,2.651,0.015,TP,1.577,-0.633,3.04,True,41,5,2023-10-21 23:00:00+00:00,2023-10-23 16:00:00+00:00,0.0873,5.0,False,62.6
2024-01-15 01:00:00+00:00,BTCUSD,SHORT,continuation,55,8,5,7,3,12,4,4,8,3,1,42821.782,D1_RESISTANCE,42359.73036,43249.99982,39243.78725,3.5,0.021,SL,-1.057,-1.169,0.221,False,16,2,2024-01-15 02:00:00+00:00,2024-01-15 18:00:00+00:00,-0.0217,5.0,False,27.9
2024-01-19 03:00:00+00:00,BTCUSD,SHORT,continuation,63,16,5,7,3,12,4,4,8,3,1,41511.13,D1_RESISTANCE,41315.33525,41938.1795,39135.380375,3.5,0.0151,SL,-0.611,-1.066,1.662,False,12,3,2024-01-19 06:00:00+00:00,2024-01-19 18:00:00+00:00,-0.0466,0.0,False,39.1
2024-01-22 03:00:00+00:00,BTCUSD,SHORT,continuation,67,16,5,7,5,15,4,3,8,3,1,41572.84,D1_RESISTANCE,41315.33525,41938.1795,39135.380375,3.5,0.0151,TP,2.108,0.0,3.866,True,27,5,2024-01-22 06:00:00+00:00,2024-01-23 09:00:00+00:00,-0.0378,13.0,False,28.6
2024-01-24 06:00:00+00:00,BTCUSD,SHORT,continuation,66,25,2,10,1,12,4,0,8,3,1,40448.7325,D1_RESISTANCE,40280.691963,40887.938575,38155.328819,3.5,0.0151,SL,-0.611,-1.758,1.312,False,49,3,2024-01-24 10:00:00+00:00,2024-01-26 11:00:00+00:00,-0.0611,16.0,False,40.2
2024-01-29 16:00:00+00:00,BTCUSD,LONG,continuation,62,16,5,7,5,15,4,5,1,3,1,42825.265,D1_SUPPORT,43189.160194,42541.322791,44578.96,2.145,0.015,SL,-0.696,-1.244,1.07,False,41,3,2024-01-29 17:00:00+00:00,2024-01-31 10:00:00+00:00,0.0247,5.0,False,29.9
2024-02-02 11:00:00+00:00,BTCUSD,LONG,continuation,62,25,5,7,1,15,4,0,1,3,1,42821.782,D1_SUPPORT,43062.11318,42393.56418,44578.96,2.269,0.0155,SL,-0.685,-1.257,0.637,False,58,3,2024-02-02 12:00:00+00:00,2024-02-04 22:00:00+00:00,0.0191,7.0,False,23.0
2024-03-23 19:00:00+00:00,BTCUSD,LONG,continuation,57,16,2,10,3,15,4,3,0,3,1,64334.58,H4_SUPPORT,64743.1542,63691.2342,67169.077,2.306,0.0162,TP,1.368,-0.923,2.743,True,27,5,2024-03-23 20:00:00+00:00,2024-03-24 23:00:00+00:00,0.0347,5.0,False,22.9
2024-03-27 12:00:00+00:00,BTCUSD,LONG,continuation,59,25,5,7,1,9,4,3,1,3,1,68774.66,H4_SUPPORT,69047.844112,68012.126451,71564.155,2.43,0.015,SL,0.581,-2.943,2.418,True,132,5,2024-03-27 14:00:00+00:00,2024-04-02 02:00:00+00:00,0.1001,0.0,False,29.4
2024-04-05 03:00:00+00:00,BTCUSD,LONG,continuation,65,25,2,10,0,15,4,4,1,3,1,67159.533333,H4_SUPPORT,67728.26202,66487.938,70523.325,2.253,0.0183,SL,-1.066,-1.087,0.018,False,1,2,2024-04-05 04:00:00+00:00,2024-04-05 05:00:00+00:00,0.0331,4.0,False,38.6
2024-04-06 06:00:00+00:00,BTCUSD,LONG,continuation,68,25,5,7,5,12,4,5,1,3,1,67159.533333,H4_SUPPORT,67973.20116,66487.938,71495.184,2.371,0.0219,TP,1.427,-0.3,2.787,True,49,5,2024-04-06 07:00:00+00:00,2024-04-08 08:00:00+00:00,0.0352,0.0,False,26.7
2024-04-14 01:00:00+00:00,BTCUSD,SHORT,continuation,63,16,5,7,3,15,4,5,4,3,1,64299.893,H4_RESISTANCE,63936.99457,64900.86886,60955.181429,3.094,0.0151,SL,0.0,-1.584,1.871,True,20,4,2024-04-14 02:00:00+00:00,2024-04-14 22:00:00+00:00,-0.0498,5.0,False,32.3
2024-04-15 11:00:00+00:00,BTCUSD,LONG,continuation,55,16,2,10,3,15,4,0,1,3,1,65635.006364,H4_SUPPORT,65728.39976,63709.8228,71046.888,2.635,0.0307,SL,-1.039,-1.198,0.123,False,4,2,2024-04-15 13:00:00+00:00,2024-04-15 17:00:00+00:00,-0.0154,17.0,False,42.2
2024-04-16 18:00:00+00:00,BTCUSD,SHORT,continuation,63,16,5,7,0,15,4,4,8,3,1,63760.566667,H4_RESISTANCE,63936.99457,64900.86886,60955.181429,3.094,0.0151,TP,1.854,-0.583,3.316,True,17,5,2024-04-16 21:00:00+00:00,2024-04-17 14:00:00+00:00,-0.0546,10.0,False,46.4
2024-04-17 15:00:00+00:00,BTCUSD,SHORT,continuation,60,16,0,7,5,15,4,5,4,3,1,60955.181429,H4_RESISTANCE,60578.229287,61491.468925,57381.890556,3.5,0.0151,SL,-1.08,-1.509,0.503,False,2,2,2024-04-17 16:00:00+00:00,2024-04-17 18:00:00+00:00,-0.0921,0.0,False,46.1
2024-04-18 07:00:00+00:00,BTCUSD,SHORT,continuation,59,16,5,7,1,9,4,5,8,3,1,62307.776364,H4_RESISTANCE,61300.43616,62930.854128,55593.973273,3.5,0.0266,SL,-1.045,-1.087,0.0,False,3,2,2024-04-18 08:00:00+00:00,2024-04-18 11:00:00+00:00,-0.0762,9.0,False,48.5
2024-04-21 04:00:00+00:00,BTCUSD,LONG,continuation,60,16,5,7,3,15,4,5,1,3,1,64903.755,H4_SUPPORT,64925.888,63033.7104,68882.0,2.091,0.0291,SL,-0.149,-1.127,1.219,True,102,4,2024-04-21 07:00:00+00:00,2024-04-25 13:00:00+00:00,-0.0126,10.0,False,30.1
2024-04-25 14:00:00+00:00,BTCUSD,SHORT,continuation,62,16,5,7,5,12,4,5,4,3,1,64158.0325,D1_RESISTANCE,64306.426415,65275.870029,62307.964167,2.061,0.0151,SL,-1.08,-1.023,0.0,False,5,2,2024-04-25 16:00:00+00:00,2024-04-25 21:00:00+00:00,-0.0367,0.0,False,20.8
2024-04-26 10:00:00+00:00,BTCUSD,SHORT,continuation,58,16,5,7,3,15,4,0,4,3,1,64788.357857,H4_RESISTANCE,64306.426415,65275.870029,60913.373765,3.5,0.0151,TP,2.108,-0.53,3.681,True,96,5,2024-04-26 12:00:00+00:00,2024-04-30 12:00:00+00:00,-0.0248,0.0,False,20.7
2024-04-30 13:00:00+00:00,BTCUSD,SHORT,continuation,55,16,5,7,5,5,4,5,4,3,1,62397.982,D1_RESISTANCE,60942.21114,63021.96182,53663.08376,3.5,0.0341,SL,0.121,-1.087,2.111,True,78,4,2024-04-30 14:00:00+00:00,2024-05-03 20:00:00+00:00,-0.0667,0.0,False,23.2
2024-05-06 09:00:00+00:00,BTCUSD,LONG,continuation,54,16,5,7,5,12,4,0,1,3,1,64477.013333,D1_SUPPORT,65035.8676,63832.2432,68882.0,3.195,0.0185,SL,-1.065,-1.406,0.0,False,2,2,2024-05-06 10:00:00+00:00,2024-05-06 12:00:00+00:00,0.0178,5.0,False,33.0
2024-05-08 09:00:00+00:00,BTCUSD,SHORT,continuation,58,16,5,7,3,15,4,0,4,3,1,62595.908333,D1_RESISTANCE,62426.61402,63363.01323,60369.6075,2.197,0.015,SL,0.494,-1.071,1.919,True,36,5,2024-05-08 10:00:00+00:00,2024-05-09 22:00:00+00:00,-0.0255,0.0,False,25.4
2024-05-17 15:00:00+00:00,BTCUSD,LONG,continuation,71,25,5,7,5,15,4,5,1,3,1,67160.595,D1_SUPPORT,67060.7098,65254.506075,71604.535,2.516,0.0269,TP,1.528,-0.666,2.723,True,80,5,2024-05-17 16:00:00+00:00,2024-05-21 00:00:00+00:00,0.0577,0.0,False,31.9
2024-05-23 17:00:00+00:00,BTCUSD,LONG,continuation,62,25,3,10,0,15,4,0,1,3,1,67160.595,D1_SUPPORT,67522.775317,66509.933687,71067.721021,3.5,0.015,SL,-1.08,-1.195,0.424,False,2,2,2024-05-23 18:00:00+00:00,2024-05-23 20:00:00+00:00,0.0395,7.0,False,31.1
2024-05-24 05:00:00+00:00,BTCUSD,LONG,continuation,59,25,3,0,3,15,4,4,1,3,1,67160.595,D1_SUPPORT,67165.39002,65145.6432,71646.142222,2.218,0.0301,TIMEOUT,1.024,-0.28,1.744,True,240,5,2024-05-24 06:00:00+00:00,2024-06-03 06:00:00+00:00,0.033,12.0,False,30.5
2024-06-09 23:00:00+00:00,BTCUSD,LONG,continuation,69,25,2,10,3,15,4,5,1,3,1,69005.748571,D1_SUPPORT,69603.838664,68559.781084,72135.8875,2.425,0.015,SL,-1.08,-1.057,0.567,False,25,2,2024-06-10 00:00:00+00:00,2024-06-11 01:00:00+00:00,0.0279,13.0,False,25.6
2024-06-14 18:00:00+00:00,BTCUSD,SHORT,continuation,60,8,5,7,5,15,4,4,8,3,1,66026.785714,D1_RESISTANCE,65655.90972,67824.94006,60333.11,2.454,0.033,TP,1.497,-0.757,2.608,True,237,5,2024-06-14 19:00:00+00:00,2024-06-24 16:00:00+00:00,-0.0331,10.0,False,20.3
2024-06-24 21:00:00+00:00,BTCUSD,SHORT,continuation,62,16,0,7,3,15,4,5,8,3,1,60333.11,D1_RESISTANCE,60233.122659,61141.159684,57054.993071,3.5,0.0151,SL,-1.08,-1.504,0.254,False,5,2,2024-06-24 22:00:00+00:00,2024-06-25 03:00:00+00:00,-0.0941,5.0,False,39.4
2024-06-26 00:00:00+00:00,BTCUSD,SHORT,continuation,59,16,2,10,1,9,4,5,8,3,1,62820.741667,D1_RESISTANCE,61773.327934,62704.584134,58513.931234,3.5,0.0151,SL,0.077,-1.266,1.837,True,117,4,2024-06-26 01:00:00+00:00,2024-06-30 22:00:00+00:00,-0.0645,17.0,False,41.3
2024-07-03 15:00:00+00:00,BTCUSD,SHORT,continuation,67,16,5,7,3,15,4,5,8,3,1,60288.091667,D1_RESISTANCE,60558.852728,61471.800257,57363.536378,3.5,0.0151,TP,2.108,0.0,3.637,True,16,5,2024-07-03 16:00:00+00:00,2024-07-04 08:00:00+00:00,-0.0659,0.0,False,23.7
2024-07-16 01:00:00+00:00,BTCUSD,LONG,continuation,69,25,0,7,5,15,4,5,4,3,1,64457.315556,D1_SUPPORT,64674.18545,63704.072668,67177.64,2.581,0.015,SL,-1.08,-1.247,0.33,False,3,2,2024-07-16 02:00:00+00:00,2024-07-16 05:00:00+00:00,0.0582,0.0,False,37.2
2024-07-16 18:00:00+00:00,BTCUSD,LONG,continuation,74,25,5,7,5,15,4,5,4,3,1,64457.315556,D1_SUPPORT,64674.18545,63704.072668,67177.64,2.581,0.015,SL,-0.096,-1.003,1.499,True,43,4,2024-07-16 19:00:00+00:00,2024-07-18 14:00:00+00:00,0.0555,6.0,False,37.6
2024-07-19 03:00:00+00:00,BTCUSD,LONG,continuation,63,25,5,10,5,9,4,0,1,3,1,62890.105714,D1_SUPPORT,64196.35,62261.204657,68985.0,2.475,0.0301,TP,1.507,-0.407,2.681,True,201,5,2024-07-19 04:00:00+00:00,2024-07-27 13:00:00+00:00,0.0403,3.0,False,25.1
2024-07-27 18:00:00+00:00,BTCUSD,LONG,continuation,64,25,5,7,0,9,5,5,4,3,1,67323.691429,D1_SUPPORT,68404.43256,67378.366072,70669.69,2.208,0.015,SL,-1.08,-1.71,0.044,False,1,2,2024-07-27 19:00:00+00:00,2024-07-27 20:00:00+00:00,0.0753,12.0,False,28.1
2024-07-28 05:00:00+00:00,BTCUSD,LONG,continuation,58,25,2,2,1,15,5,0,4,3,1,67177.64,D1_SUPPORT,67414.629242,66403.409804,70669.69,3.219,0.015,SL,0.877,-1.535,2.636,True,42,5,2024-07-28 06:00:00+00:00,2024-07-30 00:00:00+00:00,0.0556,5.0,False,26.5
2024-08-03 09:00:00+00:00,BTCUSD,SHORT,continuation,58,16,5,7,0,9,4,5,8,3,1,62960.93,D1_RESISTANCE,62128.382075,63064.99085,60196.935714,2.062,0.0151,TP,1.209,-0.048,2.086,True,6,5,2024-08-03 12:00:00+00:00,2024-08-03 18:00:00+00:00,-0.0411,9.0,False,35.1
2024-08-04 19:00:00+00:00,BTCUSD,SHORT,continuation,64,16,5,7,3,12,4,5,8,3,1,60153.56875,D1_RESISTANCE,59560.243959,60458.137084,56893.95375,2.969,0.0151,TP,1.776,0.0,4.298,True,4,5,2024-08-04 20:00:00+00:00,2024-08-05 00:00:00+00:00,-0.0747,13.0,False,45.4
2024-08-28 01:00:00+00:00,BTCUSD,SHORT,continuation,54,8,0,7,3,15,4,5,8,3,1,60016.49,D1_RESISTANCE,59502.39726,60616.6549,56753.97875,2.467,0.0187,SL,-0.102,-1.042,1.474,True,34,4,2024-08-28 03:00:00+00:00,2024-08-29 13:00:00+00:00,-0.033,15.0,False,28.0
2024-08-29 22:00:00+00:00,BTCUSD,SHORT,continuation,61,16,5,7,1,12,4,4,8,3,1,60016.49,D1_RESISTANCE,59330.41398,60616.6549,56753.97875,2.003,0.0217,TP,1.197,-0.477,2.896,True,122,5,2024-08-29 23:00:00+00:00,2024-09-04 01:00:00+00:00,-0.0327,0.0,False,34.7
2024-09-16 18:00:00+00:00,BTCUSD,SHORT,continuation,69,25,5,7,3,12,4,5,4,3,1,58671.5,D1_RESISTANCE,58011.792,59258.215,55489.014,2.024,0.0215,SL,-1.056,-1.013,0.324,False,15,2,2024-09-16 19:00:00+00:00,2024-09-17 10:00:00+00:00,-0.0166,0.0,False,21.0
2024-09-18 23:00:00+00:00,BTCUSD,LONG,continuation,64,16,5,7,5,15,4,4,4,3,1,61478.561429,D1_SUPPORT,61636.47002,59421.61764,66068.41125,2.001,0.0359,TP,1.217,0.0,2.195,True,205,5,2024-09-19 01:00:00+00:00,2024-09-27 14:00:00+00:00,0.0471,0.0,False,24.8
2024-09-28 11:00:00+00:00,BTCUSD,LONG,continuation,54,16,5,7,1,9,4,4,4,3,1,64551.302222,D1_SUPPORT,65666.41398,63905.7892,70839.6125,2.938,0.0268,SL,-1.045,-1.207,0.233,False,45,2,2024-09-28 12:00:00+00:00,2024-09-30 09:00:00+00:00,0.0763,12.0,False,36.6
2024-10-01 14:00:00+00:00,BTCUSD,SHORT,continuation,56,8,5,7,5,15,4,4,4,3,1,62860.885455,D1_RESISTANCE,62723.196,65196.815244,57671.415714,2.042,0.0394,TIMEOUT,0.446,-0.709,1.527,True,240,4,2024-10-01 15:00:00+00:00,2024-10-11 15:00:00+00:00,0.0141,11.0,False,36.2
2024-10-14 04:00:00+00:00,BTCUSD,LONG,continuation,56,16,5,7,5,9,4,5,1,3,1,62983.344,D1_SUPPORT,63907.681162,62949.065945,66116.143333,2.304,0.015,TP,1.36,-0.11,2.496,True,9,5,2024-10-14 05:00:00+00:00,2024-10-14 14:00:00+00:00,0.0363,10.0,False,20.5
2024-10-25 15:00:00+00:00,BTCUSD,LONG,continuation,64,25,2,10,0,15,4,0,4,3,1,67118.48,D1_SUPPORT,66081.991125,65090.761258,68580.701429,2.521,0.015,TP,1.496,-0.49,2.621,True,61,5,2024-10-25 18:00:00+00:00,2024-10-28 07:00:00+00:00,0.0463,12.0,False,23.1
2024-12-24 16:00:00+00:00,BTCUSD,LONG,continuation,60,25,5,7,5,5,4,4,1,3,1,96202.862222,H4_SUPPORT,98475.997,96998.857045,101618.657143,2.128,0.015,SL,-0.697,-1.936,1.007,False,39,3,2024-12-24 17:00:00+00:00,2024-12-26 08:00:00+00:00,0.0237,0.0,False,42.2
2024-12-31 01:00:00+00:00,BTCUSD,SHORT,continuation,59,16,5,7,5,9,4,5,4,3,1,94437.702,H4_RESISTANCE,92620.44114,95382.07902,82954.70856,3.5,0.0298,SL,-1.04,-1.244,0.134,False,11,2,2024-12-31 02:00:00+00:00,2024-12-31 13:00:00+00:00,-0.0371,0.0,False,21.2
2025-01-10 02:00:00+00:00,BTCUSD,SHORT,continuation,55,8,5,7,0,15,4,4,8,3,1,93470.465,D1_RESISTANCE,93551.08872,97217.528959,80718.547885,3.5,0.0392,SL,-0.562,-1.042,1.171,False,102,3,2025-01-10 03:00:00+00:00,2025-01-14 09:00:00+00:00,-0.0306,17.0,False,43.4
2025-02-05 22:00:00+00:00,BTCUSD,SHORT,continuation,55,16,5,7,5,5,4,5,4,3,1,99411.218333,D1_RESISTANCE,96638.52126,100405.330516,83454.688863,3.5,0.039,TIMEOUT,-0.278,-0.929,0.677,False,240,2,2025-02-05 23:00:00+00:00,2025-02-15 23:00:00+00:00,-0.0384,3.0,False,23.9
2025-02-17 16:00:00+00:00,BTCUSD,SHORT,continuation,65,16,5,7,5,15,4,5,4,3,1,96290.711579,H4_RESISTANCE,95525.4195,97253.618695,91622.68,2.258,0.0181,SL,-0.143,-1.013,1.237,True,57,4,2025-02-17 17:00:00+00:00,2025-02-20 02:00:00+00:00,-0.0328,16.0,False,20.0
2025-02-23 15:00:00+00:00,BTCUSD,SHORT,continuation,63,16,5,7,5,12,5,5,4,3,1,96660.588,H4_RESISTANCE,95627.05236,97627.19388,91622.68,2.002,0.0209,TP,1.194,-0.436,2.139,True,30,5,2025-02-23 17:00:00+00:00,2025-02-24 23:00:00+00:00,-0.0259,0.0,False,20.2
2025-02-25 00:00:00+00:00,BTCUSD,SHORT,continuation,58,16,0,7,5,9,4,5,8,3,1,93724.454286,D1_RESISTANCE,92493.91446,93888.29508,87613.58229,3.5,0.0151,TP,2.108,-0.034,4.02,True,8,5,2025-02-25 02:00:00+00:00,2025-02-25 10:00:00+00:00,-0.0601,10.0,False,27.9
2025-03-28 23:00:00+00:00,BTCUSD,SHORT,continuation,55,25,5,7,0,9,4,0,1,3,1,86135.04625,H4_RESISTANCE,84593.22876,86996.396713,76182.140926,3.5,0.0284,SL,-0.573,-1.14,1.379,False,111,3,2025-03-29 00:00:00+00:00,2025-04-02 15:00:00+00:00,-0.0305,12.0,False,26.3
2025-04-07 20:00:00+00:00,BTCUSD,SHORT,continuation,62,25,2,10,0,5,4,4,8,3,1,81012.864,D1_RESISTANCE,80157.932984,81366.344034,75928.494309,3.5,0.0151,TP,2.108,-0.588,3.502,True,26,5,2025-04-07 22:00:00+00:00,2025-04-09 00:00:00+00:00,-0.0714,4.0,False,29.8
2025-04-10 21:00:00+00:00,BTCUSD,SHORT,continuation,66,25,2,10,3,12,4,5,1,3,1,81012.864,D1_RESISTANCE,80157.932984,81366.344034,75928.494309,3.5,0.0151,SL,-1.08,-1.062,0.0,False,6,2,2025-04-11 01:00:00+00:00,2025-04-11 07:00:00+00:00,-0.0518,0.0,False,21.0
2025-04-17 00:00:00+00:00,BTCUSD,SHORT,continuation,55,16,2,10,1,15,4,2,1,3,1,84831.5975,D1_RESISTANCE,84378.42,85679.913475,81349.606,2.327,0.0154,SL,-1.078,-2.022,0.493,False,95,2,2025-04-17 01:00:00+00:00,2025-04-21 00:00:00+00:00,0.0017,5.0,False,20.5
2025-04-22 09:00:00+00:00,BTCUSD,LONG,continuation,63,25,5,7,5,9,4,0,4,3,1,86924.19,D1_SUPPORT,88397.19132,86054.9481,93452.688571,2.158,0.0265,TP,1.304,0.0,2.344,True,11,5,2025-04-22 10:00:00+00:00,2025-04-22 21:00:00+00:00,0.0486,6.0,False,26.7
2025-04-22 22:00:00+00:00,BTCUSD,LONG,continuation,64,25,0,7,5,12,4,3,4,3,1,91622.68,D1_SUPPORT,92600.61762,90706.4532,99006.755556,3.382,0.0205,TIMEOUT,1.723,-0.497,2.795,True,240,5,2025-04-23 01:00:00+00:00,2025-05-03 01:00:00+00:00,0.0962,10.0,False,33.5
2025-05-03 02:00:00+00:00,BTCUSD,LONG,continuation,66,25,2,10,0,12,5,4,4,3,1,95399.801667,D1_SUPPORT,96340.44298,94445.80365,101077.3225,2.5,0.0197,SL,-1.061,-1.155,0.133,False,44,2,2025-05-03 03:00:00+00:00,2025-05-04 23:00:00+00:00,0.0812,12.0,False,24.1
2025-05-06 20:00:00+00:00,BTCUSD,LONG,continuation,64,25,2,10,3,12,4,0,4,3,1,93386.992222,D1_SUPPORT,94492.86554,92453.1223,98895.648,2.158,0.0216,TP,1.293,0.0,2.319,True,30,5,2025-05-06 21:00:00+00:00,2025-05-08 03:00:00+00:00,0.0465,3.0,False,27.1
2025-05-08 08:00:00+00:00,BTCUSD,LONG,continuation,69,25,0,7,5,15,4,5,4,3,1,98789.861818,D1_SUPPORT,99467.32668,97801.9632,105296.098861,3.5,0.0167,TP,2.116,-0.226,3.814,True,92,5,2025-05-08 11:00:00+00:00,2025-05-12 07:00:00+00:00,0.0945,0.0,False,26.7
2025-06-23 16:00:00+00:00,BTCUSD,SHORT,continuation,60,16,5,7,1,15,4,4,4,3,1,101010.77,D1_RESISTANCE,101830.228878,103365.357957,96457.277103,3.5,0.0151,SL,-1.08,-1.358,0.0,False,3,2,2025-06-23 17:00:00+00:00,2025-06-23 20:00:00+00:00,-0.035,16.0,False,35.6
2025-08-22 13:00:00+00:00,BTCUSD,SHORT,continuation,54,16,5,7,5,5,4,4,4,3,1,115504.15375,H4_RESISTANCE,114801.569122,116532.246043,109747.635,2.92,0.0151,SL,-1.08,-1.441,0.0,False,1,2,2025-08-22 14:00:00+00:00,2025-08-22 15:00:00+00:00,-0.0299,8.0,False,42.6
2025-08-25 20:00:00+00:00,BTCUSD,SHORT,continuation,62,16,5,7,3,15,4,4,4,3,1,109934.108,D1_RESISTANCE,109781.08392,111427.800179,106078.7375,2.248,0.015,SL,-0.689,-1.095,0.677,False,24,3,2025-08-25 21:00:00+00:00,2025-08-26 21:00:00+00:00,-0.0525,6.0,False,31.0
2025-08-27 02:00:00+00:00,BTCUSD,SHORT,continuation,57,16,2,10,1,12,4,4,4,3,1,112561.604286,H4_RESISTANCE,111504.000887,113184.965725,106078.7375,3.227,0.0151,SL,-1.08,-1.059,0.689,False,27,2,2025-08-27 03:00:00+00:00,2025-08-28 06:00:00+00:00,-0.036,4.0,False,32.4
2025-08-29 19:00:00+00:00,BTCUSD,SHORT,continuation,58,16,5,7,3,15,4,0,4,3,1,109531.44,D1_RESISTANCE,108428.43402,110626.7544,100734.31269,3.5,0.0203,SL,-1.059,-1.038,0.534,False,83,2,2025-08-29 21:00:00+00:00,2025-09-02 08:00:00+00:00,-0.0563,5.0,False,22.4
2025-10-14 13:00:00+00:00,BTCUSD,SHORT,continuation,54,8,5,7,3,15,4,4,4,3,1,111134.993333,D1_RESISTANCE,111456.860828,113137.115012,106078.7375,3.201,0.0151,SL,-1.08,-1.03,0.235,False,2,2,2025-10-14 14:00:00+00:00,2025-10-14 16:00:00+00:00,-0.0442,13.0,False,44.8
2025-10-15 13:00:00+00:00,BTCUSD,SHORT,continuation,62,16,5,7,5,12,4,5,4,3,1,113093.610714,H4_RESISTANCE,111456.860828,113137.115012,106078.7375,3.201,0.0151,TP,1.921,-0.313,3.52,True,41,5,2025-10-15 14:00:00+00:00,2025-10-17 07:00:00+00:00,-0.0392,3.0,False,42.9
2025-10-20 04:00:00+00:00,BTCUSD,SHORT,continuation,54,16,3,10,0,9,4,0,8,3,1,112677.943333,D1_RESISTANCE,111454.943795,113135.169078,107418.79125,2.402,0.0151,SL,0.571,-1.251,2.369,True,31,5,2025-10-20 08:00:00+00:00,2025-10-21 15:00:00+00:00,-0.032,7.0,False,36.3
2025-10-27 00:00:00+00:00,BTCUSD,LONG,continuation,65,25,0,7,5,15,4,4,1,3,1,114112.138333,D1_SUPPORT,114733.830462,113012.823005,119646.96,2.855,0.015,SL,-0.652,-1.4,0.968,False,43,3,2025-10-27 01:00:00+00:00,2025-10-28 20:00:00+00:00,0.0165,0.0,False,23.3
2025-10-30 05:00:00+00:00,BTCUSD,SHORT,continuation,65,16,5,7,3,15,4,3,8,3,1,110953.708571,D1_RESISTANCE,110468.78658,112125.818379,106196.328,2.578,0.015,TP,1.531,-0.678,2.992,True,105,5,2025-10-30 06:00:00+00:00,2025-11-03 15:00:00+00:00,-0.0242,13.0,False,25.9
2025-11-08 20:00:00+00:00,BTCUSD,SHORT,continuation,60,16,2,10,3,10,3,4,8,3,1,103448.9575,D1_RESISTANCE,102230.43323,103771.59554,98575.225,2.372,0.0151,SL,-1.08,-1.175,0.539,False,17,2,2025-11-08 21:00:00+00:00,2025-11-09 14:00:00+00:00,-0.0692,11.0,False,33.8
2025-12-02 11:00:00+00:00,BTCUSD,SHORT,continuation,74,25,2,10,1,15,4,5,8,3,1,88394.72125,H4_RESISTANCE,89255.94765,90601.5147,85847.748571,2.533,0.0151,SL,-1.08,-1.445,0.0,False,1,2,2025-12-02 14:00:00+00:00,2025-12-02 15:00:00+00:00,-0.0862,8.0,False,27.3
2025-12-17 12:00:00+00:00,BTCUSD,SHORT,continuation,73,25,5,7,3,12,4,4,8,3,2,88408.736154,H4_RESISTANCE,89131.888207,90475.585014,85809.998889,2.472,0.0151,TP,1.466,-0.918,2.582,True,4,5,2025-12-17 14:00:00+00:00,2025-12-17 18:00:00+00:00,-0.0576,3.0,False,29.5
2025-12-18 11:00:00+00:00,BTCUSD,SHORT,continuation,61,25,2,2,0,15,4,0,8,3,2,88093.162727,H4_RESISTANCE,89229.654775,90574.82545,85760.399,2.579,0.0151,TP,1.532,-0.099,2.787,True,3,5,2025-12-18 14:00:00+00:00,2025-12-18 17:00:00+00:00,-0.0513,12.0,False,20.7
2026-01-06 14:00:00+00:00,BTCUSD,LONG,continuation,62,16,5,7,1,15,4,5,4,3,2,93719.488,D1_SUPPORT,93649.13638,90879.301543,103343.558309,3.5,0.0296,SL,-1.041,-1.053,0.071,False,27,2,2026-01-06 15:00:00+00:00,2026-01-07 18:00:00+00:00,0.0415,4.0,False,46.1
2026-01-08 03:00:00+00:00,BTCUSD,SHORT,continuation,64,16,5,10,1,15,4,0,8,3,2,91730.4825,H4_RESISTANCE,90995.0268,92647.787325,87565.568462,2.075,0.0182,SL,-0.686,-1.015,1.019,False,125,3,2026-01-08 04:00:00+00:00,2026-01-13 09:00:00+00:00,0.0057,9.0,False,30.6
2026-01-14 02:00:00+00:00,BTCUSD,LONG,continuation,62,25,0,7,3,12,4,5,1,3,2,93719.488,D1_SUPPORT,94915.289119,93491.559782,99898.341797,3.5,0.015,SL,0.076,-2.111,2.114,True,114,4,2026-01-14 06:00:00+00:00,2026-01-19 00:00:00+00:00,0.0521,0.0,False,21.7
2026-01-19 09:00:00+00:00,BTCUSD,SHORT,continuation,55,8,5,7,3,15,4,4,4,3,2,93702.14,D1_RESISTANCE,93246.18012,94644.872822,90445.112727,2.003,0.015,TP,1.172,-0.124,2.126,True,27,5,2026-01-19 11:00:00+00:00,2026-01-20 14:00:00+00:00,0.0128,13.0,False,21.2
2026-03-07 23:00:00+00:00,BTCUSD,SHORT,continuation,74,25,5,7,1,15,4,4,8,3,2,67834.715,H4_RESISTANCE,67397.43582,68513.06215,65017.3,2.133,0.0166,SL,-0.172,-1.705,1.595,True,37,4,2026-03-08 00:00:00+00:00,2026-03-09 13:00:00+00:00,-0.0516,17.0,False,22.3
2026-03-19 14:00:00+00:00,BTCUSD,SHORT,continuation,62,16,5,7,5,12,4,4,4,3,2,70474.0,D1_RESISTANCE,69621.2145,71178.74,65631.58,2.562,0.0224,SL,-1.054,-1.121,0.32,False,17,2,2026-03-19 15:00:00+00:00,2026-03-20 08:00:00+00:00,-0.0225,5.0,False,35.2
2026-03-20 17:00:00+00:00,BTCUSD,SHORT,continuation,63,16,5,7,3,15,4,4,4,3,2,70595.68,H4_RESISTANCE,70140.0,71301.6368,66074.2712,3.5,0.0166,SL,0.084,-1.17,2.393,True,64,4,2026-03-20 19:00:00+00:00,2026-03-23 11:00:00+00:00,-0.0144,10.0,False,33.0
2026-04-13 16:00:00+00:00,BTCUSD,LONG,continuation,67,16,5,7,5,15,4,4,1,3,7,71972.8975,D1_SUPPORT,72057.95528,70085.2878,78962.29146,3.5,0.0274,TP,2.144,0.0,3.608,True,212,5,2026-04-13 18:00:00+00:00,2026-04-22 14:00:00+00:00,0.0329,0.0,False,31.9
2026-05-08 11:00:00+00:00,BTCUSD,LONG,continuation,59,25,2,0,5,9,4,5,4,3,2,78692.644286,H4_SUPPORT,80070.75756,77905.717843,86120.604,2.794,0.027,SL,-0.62,-1.123,1.112,False,190,3,2026-05-08 12:00:00+00:00,2026-05-16 10:00:00+00:00,0.0521,11.0,False,25.5
2026-05-18 11:00:00+00:00,BTCUSD,SHORT,continuation,54,16,5,7,3,7,3,4,4,3,2,78935.4875,D1_RESISTANCE,77440.40166,79724.842375,71972.8975,2.393,0.0295,TIMEOUT,1.286,-0.333,2.062,True,240,5,2026-05-18 12:00:00+00:00,2026-05-28 12:00:00+00:00,-0.0066,8.0,False,38.4
2026-05-29 13:00:00+00:00,BTCUSD,SHORT,continuation,68,25,5,7,1,12,4,5,4,3,2,73846.25,D1_RESISTANCE,74141.796491,75259.512016,70793.22,2.996,0.0151,TP,1.793,-0.333,3.091,True,73,5,2026-05-29 15:00:00+00:00,2026-06-01 16:00:00+00:00,-0.0496,4.0,False,29.7
2026-06-02 05:00:00+00:00,BTCUSD,SHORT,continuation,70,25,0,7,5,12,3,5,8,3,2,70771.912,D1_RESISTANCE,70409.49792,72692.626475,65539.74,2.133,0.0324,TP,1.296,0.0,2.183,True,21,5,2026-06-02 06:00:00+00:00,2026-06-03 03:00:00+00:00,-0.0779,0.0,False,36.6
2023-09-30 10:00:00+00:00,ETHUSD,LONG,continuation,54,16,5,7,1,12,4,4,1,3,1,1651.568571,H4_SUPPORT,1675.16415,1650.036688,1763.110268,3.5,0.015,SL,0.983,-1.399,3.018,True,55,5,2023-09-30 11:00:00+00:00,2023-10-02 18:00:00+00:00,0.021,9.0,False,48.5
2023-10-07 07:00:00+00:00,ETHUSD,SHORT,continuation,73,25,2,10,5,15,4,4,4,3,1,1651.085556,H4_RESISTANCE,1640.05356,1667.596412,1583.09,2.068,0.0168,TP,1.221,-0.114,3.415,True,56,5,2023-10-07 08:00:00+00:00,2023-10-09 16:00:00+00:00,-0.006,3.0,False,29.0
2023-10-22 09:00:00+00:00,ETHUSD,LONG,continuation,56,16,5,7,0,15,4,4,1,3,1,1610.344,D1_SUPPORT,1626.82982,1562.627,1761.2725,2.094,0.0395,TP,1.278,-0.089,2.552,True,35,5,2023-10-22 11:00:00+00:00,2023-10-23 22:00:00+00:00,0.0139,9.0,False,38.6
2024-01-22 23:00:00+00:00,ETHUSD,SHORT,continuation,63,16,0,7,5,15,4,4,8,3,1,2334.118571,H4_RESISTANCE,2318.8284,2357.459757,2204.27,2.965,0.0167,TP,1.781,-0.865,2.995,True,11,5,2024-01-23 00:00:00+00:00,2024-01-23 11:00:00+00:00,-0.0294,0.0,False,43.5
2024-01-23 12:00:00+00:00,ETHUSD,SHORT,continuation,61,16,0,7,3,12,4,5,10,3,1,2253.5875,H4_RESISTANCE,2229.28968,2318.11059,1918.416495,3.5,0.0398,SL,-1.03,-1.048,0.653,False,151,2,2024-01-23 15:00:00+00:00,2024-01-29 22:00:00+00:00,-0.0658,10.0,False,49.5
2024-01-29 23:00:00+00:00,ETHUSD,LONG,continuation,60,16,5,7,5,15,4,4,0,3,1,2296.348182,H4_SUPPORT,2312.0829,2277.401656,2423.825,3.222,0.015,SL,0.024,-1.399,2.304,True,45,4,2024-01-30 00:00:00+00:00,2024-01-31 21:00:00+00:00,-0.0095,5.0,False,20.3
2024-03-25 06:00:00+00:00,ETHUSD,LONG,continuation,60,16,5,10,3,15,4,3,0,3,1,3443.702727,H4_SUPPORT,3460.83446,3408.921943,3567.175,2.048,0.015,TP,1.2,-0.594,2.448,True,8,5,2024-03-25 07:00:00+00:00,2024-03-25 15:00:00+00:00,0.0163,10.0,False,33.6
2024-04-04 04:00:00+00:00,ETHUSD,SHORT,continuation,69,16,5,7,5,15,4,3,10,3,1,3289.015714,H4_RESISTANCE,3293.9748,3398.077186,2929.616451,3.5,0.0316,SL,-1.038,-1.18,0.0,False,12,2,2024-04-04 05:00:00+00:00,2024-04-04 17:00:00+00:00,-0.0458,5.0,False,37.3
2024-04-05 02:00:00+00:00,ETHUSD,SHORT,continuation,71,16,5,7,5,15,4,5,10,3,1,3287.64125,H4_RESISTANCE,3274.12518,3398.077186,2880.805714,3.173,0.0379,SL,-1.032,-1.003,0.517,False,44,2,2024-04-05 03:00:00+00:00,2024-04-06 23:00:00+00:00,-0.0502,3.0,False,34.9
2024-04-07 12:00:00+00:00,ETHUSD,LONG,continuation,59,16,5,7,5,15,4,3,0,3,1,3364.432857,H4_SUPPORT,3394.20798,3330.788528,3533.402222,2.195,0.0187,TP,1.308,-0.413,3.432,True,18,5,2024-04-07 14:00:00+00:00,2024-04-08 08:00:00+00:00,-0.0072,5.0,False,26.7
2024-04-13 05:00:00+00:00,ETHUSD,SHORT,continuation,55,8,5,7,1,12,4,4,10,3,1,3289.015714,H4_RESISTANCE,3254.30562,3321.905871,3017.704741,3.5,0.0208,TP,2.13,-0.704,3.508,True,13,5,2024-04-13 06:00:00+00:00,2024-04-13 19:00:00+00:00,-0.0582,17.0,False,28.2
2024-04-15 08:00:00+00:00,ETHUSD,SHORT,continuation,57,16,3,2,0,15,4,5,8,3,1,3272.635,H4_RESISTANCE,3255.81864,3305.36135,3082.419155,3.5,0.0152,TP,2.109,-0.445,4.211,True,9,5,2024-04-15 09:00:00+00:00,2024-04-15 18:00:00+00:00,-0.0469,12.0,False,40.5
2024-04-16 03:00:00+00:00,ETHUSD,SHORT,continuation,62,16,5,7,3,9,4,4,10,3,1,3122.674286,H4_RESISTANCE,3078.33438,3153.901029,2873.425,2.712,0.0245,TP,1.646,-0.657,2.821,True,70,5,2024-04-16 04:00:00+00:00,2024-04-19 02:00:00+00:00,-0.0952,3.0,False,37.0
2024-04-19 03:00:00+00:00,ETHUSD,SHORT,continuation,71,16,5,7,5,15,4,5,10,3,1,3011.165385,H4_RESISTANCE,2985.7596,3041.277039,2873.425,2.023,0.0186,SL,-1.065,-2.238,0.087,False,2,2,2024-04-19 04:00:00+00:00,2024-04-19 06:00:00+00:00,-0.1071,8.0,False,36.4
2024-04-19 15:00:00+00:00,ETHUSD,SHORT,continuation,59,16,2,2,1,15,4,5,10,3,1,3087.38,H4_RESISTANCE,3086.90148,3171.896343,2873.425,2.512,0.0275,SL,-0.637,-1.248,0.802,False,33,3,2024-04-19 17:00:00+00:00,2024-04-21 02:00:00+00:00,-0.0749,12.0,False,36.2
2024-04-28 03:00:00+00:00,ETHUSD,LONG,continuation,56,16,0,7,5,15,4,5,0,3,1,3298.7375,D1_SUPPORT,3302.25226,3176.2062,3558.236923,2.031,0.0382,SL,-1.031,-1.065,0.438,False,23,2,2024-04-28 04:00:00+00:00,2024-04-29 03:00:00+00:00,0.0139,10.0,False,22.2
2024-05-01 08:00:00+00:00,ETHUSD,SHORT,continuation,65,16,0,7,5,15,4,4,10,3,1,2873.425,D1_RESISTANCE,2868.31518,2911.339908,2717.728633,3.5,0.015,SL,-1.08,-1.527,0.193,False,3,2,2024-05-01 09:00:00+00:00,2024-05-01 12:00:00+00:00,-0.117,0.0,False,24.7
2024-05-11 21:00:00+00:00,ETHUSD,SHORT,continuation,62,16,5,7,1,12,4,3,10,3,1,2960.516,H4_RESISTANCE,2924.59752,2990.12116,2695.26478,3.5,0.0224,SL,-0.585,-1.096,0.913,False,33,3,2024-05-12 00:00:00+00:00,2024-05-13 09:00:00+00:00,-0.0703,12.0,False,20.1
2024-05-16 22:00:00+00:00,ETHUSD,SHORT,continuation,64,16,5,7,3,15,4,0,10,3,1,2952.132222,H4_RESISTANCE,2945.41908,2989.600366,2853.33,2.084,0.015,SL,-1.08,-1.982,0.28,False,8,2,2024-05-16 23:00:00+00:00,2024-05-17 07:00:00+00:00,-0.0484,13.0,False,21.1
2024-05-20 00:00:00+00:00,ETHUSD,SHORT,continuation,55,8,2,10,3,9,4,5,10,3,1,3145.955833,H4_RESISTANCE,3085.74918,3177.415391,2896.784,2.061,0.0297,SL,-1.04,-4.051,0.226,False,17,2,2024-05-20 02:00:00+00:00,2024-05-20 19:00:00+00:00,-0.0027,17.0,False,29.7
2024-05-24 08:00:00+00:00,ETHUSD,LONG,continuation,56,25,2,2,0,15,4,4,0,3,1,3641.856,D1_SUPPORT,3666.652,3605.43744,3829.06125,2.653,0.0167,TP,1.586,-0.186,3.25,True,53,5,2024-05-24 09:00:00+00:00,2024-05-26 14:00:00+00:00,0.1414,12.0,False,38.1
2024-06-12 07:00:00+00:00,ETHUSD,SHORT,continuation,66,16,5,7,0,15,4,5,10,3,1,3561.912667,H4_RESISTANCE,3533.76342,3662.34484,3274.056,2.02,0.0364,TIMEOUT,0.506,-0.974,1.39,True,240,4,2024-06-12 09:00:00+00:00,2024-06-22 09:00:00+00:00,-0.0138,12.0,False,44.2
2024-06-24 18:00:00+00:00,ETHUSD,SHORT,continuation,54,16,0,7,3,5,4,5,10,3,1,3384.143333,D1_RESISTANCE,3310.37754,3417.984766,3049.705,2.422,0.0325,SL,-1.037,-1.069,0.502,False,20,2,2024-06-24 19:00:00+00:00,2024-06-25 15:00:00+00:00,-0.066,5.0,False,28.3
2024-06-26 00:00:00+00:00,ETHUSD,SHORT,continuation,63,16,2,10,3,9,4,5,10,3,1,3451.79,D1_RESISTANCE,3420.807513,3472.377475,3240.312644,3.5,0.0151,SL,0.077,-1.09,1.858,True,37,4,2024-06-26 01:00:00+00:00,2024-06-27 14:00:00+00:00,-0.0386,13.0,False,30.8
2024-07-07 23:00:00+00:00,ETHUSD,SHORT,continuation,71,16,5,7,5,15,4,5,10,3,1,2964.158889,H4_RESISTANCE,2936.862,2993.800478,2737.577327,3.5,0.0194,SL,0.094,-2.26,2.003,True,8,4,2024-07-08 00:00:00+00:00,2024-07-08 08:00:00+00:00,-0.1334,3.0,False,47.6
2024-07-09 01:00:00+00:00,ETHUSD,SHORT,continuation,56,16,2,2,0,15,4,3,10,3,1,3054.287143,D1_RESISTANCE,3046.976062,3092.910375,2895.794,3.291,0.0151,SL,-1.08,-1.485,0.069,False,6,2,2024-07-09 02:00:00+00:00,2024-07-09 08:00:00+00:00,-0.0981,12.0,False,41.1
2024-07-09 17:00:00+00:00,ETHUSD,SHORT,continuation,61,16,2,2,5,15,4,3,10,3,1,3054.287143,D1_RESISTANCE,3058.13406,3179.925177,2631.865152,3.5,0.0398,SL,-1.03,-1.306,0.28,False,42,2,2024-07-09 18:00:00+00:00,2024-07-11 12:00:00+00:00,-0.0883,8.0,False,31.2
2024-07-16 01:00:00+00:00,ETHUSD,LONG,continuation,64,25,0,7,3,15,5,4,1,3,1,3461.50875,D1_SUPPORT,3472.13182,3341.4381,3852.1525,2.908,0.0376,SL,-1.032,-1.317,0.694,False,211,2,2024-07-16 02:00:00+00:00,2024-07-24 21:00:00+00:00,0.0563,0.0,False,39.5
2024-07-25 02:00:00+00:00,ETHUSD,SHORT,continuation,71,25,0,7,5,12,4,4,10,3,1,3223.571667,D1_RESISTANCE,3190.67862,3255.807384,3053.19875,2.111,0.0204,SL,0.483,-1.063,1.584,True,22,5,2024-07-25 05:00:00+00:00,2024-07-26 03:00:00+00:00,-0.0529,0.0,False,24.2
2024-07-28 04:00:00+00:00,ETHUSD,SHORT,continuation,66,16,5,7,5,15,4,0,10,3,1,3223.571667,D1_RESISTANCE,3224.57628,3345.6351,2895.794,2.716,0.0375,SL,-1.032,-1.091,0.082,False,21,2,2024-07-28 06:00:00+00:00,2024-07-29 03:00:00+00:00,-0.0363,3.0,False,32.5
2024-08-01 08:00:00+00:00,ETHUSD,SHORT,continuation,68,16,5,7,3,15,4,4,10,3,1,3219.16125,D1_RESISTANCE,3205.891244,3254.221262,3057.013333,3.08,0.0151,TP,1.846,-0.278,3.606,True,26,5,2024-08-01 12:00:00+00:00,2024-08-02 14:00:00+00:00,-0.0433,5.0,False,20.9
2024-08-02 15:00:00+00:00,ETHUSD,SHORT,continuation,66,16,0,7,5,15,4,5,10,3,1,3059.314,D1_RESISTANCE,3043.200866,3089.078266,2895.794,3.213,0.0151,TP,1.929,0.0,3.274,True,26,5,2024-08-02 16:00:00+00:00,2024-08-03 18:00:00+00:00,-0.083,10.0,False,26.8
2024-08-31 19:00:00+00:00,ETHUSD,SHORT,continuation,73,25,5,7,5,9,4,4,10,3,1,2540.1925,D1_RESISTANCE,2511.92725,2549.7955,2408.627143,2.728,0.0151,TP,1.625,-0.272,2.888,True,25,5,2024-08-31 21:00:00+00:00,2024-09-01 22:00:00+00:00,-0.087,8.0,False,37.8
2024-09-02 07:00:00+00:00,ETHUSD,SHORT,continuation,59,25,5,7,3,0,0,5,10,3,1,,,2511.92725,2549.7955,2410.48875,2.679,0.0151,SL,-1.08,-1.397,0.512,False,11,2,2024-09-02 09:00:00+00:00,2024-09-02 20:00:00+00:00,-0.101,0.0,False,43.5
2024-09-03 09:00:00+00:00,ETHUSD,SHORT,continuation,75,25,2,10,5,12,4,5,8,3,1,2543.258333,D1_RESISTANCE,2511.92725,2549.7955,2432.865,2.088,0.0151,TP,1.225,-0.19,2.662,True,13,5,2024-09-03 10:00:00+00:00,2024-09-03 23:00:00+00:00,-0.0739,3.0,False,29.9
2024-09-22 16:00:00+00:00,ETHUSD,LONG,continuation,56,16,5,7,1,15,4,4,0,3,1,2543.258333,D1_SUPPORT,2566.07756,2517.82575,2734.958896,3.5,0.0188,SL,0.999,-1.755,3.368,True,212,5,2024-09-22 19:00:00+00:00,2024-10-01 15:00:00+00:00,0.0302,11.0,False,43.9
2024-10-01 16:00:00+00:00,ETHUSD,SHORT,continuation,60,16,0,7,5,12,4,4,8,3,1,2544.8,D1_RESISTANCE,2514.79956,2570.248,2403.546,2.006,0.022,TP,1.2,0.0,2.268,True,24,5,2024-10-01 18:00:00+00:00,2024-10-02 18:00:00+00:00,-0.0181,5.0,False,22.2
2024-10-02 19:00:00+00:00,ETHUSD,SHORT,continuation,63,16,0,7,5,12,4,5,10,3,1,2405.288333,D1_RESISTANCE,2376.51354,2429.341216,2265.61375,2.099,0.0222,SL,-0.16,-1.233,1.259,True,44,4,2024-10-02 20:00:00+00:00,2024-10-04 16:00:00+00:00,-0.0695,5.0,False,37.6
2024-10-05 05:00:00+00:00,ETHUSD,SHORT,continuation,69,25,2,2,3,15,4,4,10,3,1,2444.11125,H4_RESISTANCE,2422.77588,2468.552363,2324.011538,2.158,0.0189,SL,-0.679,-1.474,0.715,False,42,3,2024-10-05 06:00:00+00:00,2024-10-07 00:00:00+00:00,-0.0432,8.0,False,42.9
2024-10-10 21:00:00+00:00,ETHUSD,SHORT,continuation,77,25,5,7,3,15,4,4,10,3,1,2403.546,D1_RESISTANCE,2391.85416,2427.731972,2319.2775,2.023,0.015,SL,-1.08,-1.019,0.0,False,11,2,2024-10-11 01:00:00+00:00,2024-10-11 12:00:00+00:00,-0.0447,0.0,False,20.6
2024-10-15 17:00:00+00:00,ETHUSD,LONG,continuation,54,16,2,10,0,12,4,5,1,3,1,2541.825,D1_SUPPORT,2576.87592,2516.40675,2713.569091,2.261,0.0235,TP,1.362,-0.14,2.383,True,114,5,2024-10-15 20:00:00+00:00,2024-10-20 14:00:00+00:00,0.0336,12.0,False,33.2
2024-10-20 15:00:00+00:00,ETHUSD,LONG,continuation,56,16,0,7,5,15,4,5,0,3,1,2701.476667,D1_SUPPORT,2691.186129,2650.818337,2830.633333,3.454,0.015,SL,0.068,-1.925,1.94,True,31,4,2024-10-20 17:00:00+00:00,2024-10-22 00:00:00+00:00,0.0685,10.0,False,43.7
2024-10-22 09:00:00+00:00,ETHUSD,LONG,continuation,57,16,3,10,0,15,4,5,0,3,1,2593.93125,H4_SUPPORT,2617.26498,2516.40675,2830.633333,2.116,0.0385,SL,-1.031,-1.304,0.266,False,27,2,2024-10-22 13:00:00+00:00,2024-10-23 16:00:00+00:00,0.0291,7.0,False,40.0
2024-10-24 05:00:00+00:00,ETHUSD,SHORT,continuation,61,16,5,7,0,12,4,3,10,3,1,2592.627333,H4_RESISTANCE,2562.24426,2618.553606,2449.162,2.008,0.022,TP,1.201,-0.073,3.19,True,41,5,2024-10-24 06:00:00+00:00,2024-10-25 23:00:00+00:00,0.0019,17.0,False,36.6
2024-10-26 00:00:00+00:00,ETHUSD,SHORT,continuation,66,16,5,7,5,12,4,3,10,3,1,2484.734444,H4_RESISTANCE,2448.6375,2509.581788,2314.0875,2.208,0.0249,SL,-1.048,-1.035,0.154,False,39,2,2024-10-26 02:00:00+00:00,2024-10-27 17:00:00+00:00,-0.0411,16.0,False,40.2
2024-10-29 18:00:00+00:00,ETHUSD,LONG,continuation,56,16,0,7,5,15,4,5,0,3,1,2643.478125,H4_SUPPORT,2632.7449,2593.253727,2753.068571,3.047,0.015,SL,-0.009,-2.317,2.268,True,43,4,2024-10-29 19:00:00+00:00,2024-10-31 14:00:00+00:00,0.0485,0.0,False,28.0
2024-11-01 11:00:00+00:00,ETHUSD,SHORT,continuation,61,16,5,7,0,15,4,0,10,3,1,2527.081667,D1_RESISTANCE,2517.934563,2555.893375,2407.975,2.897,0.0151,SL,-1.08,-1.521,0.0,False,1,2,2024-11-01 12:00:00+00:00,2024-11-01 13:00:00+00:00,-0.0144,17.0,False,29.2
2024-11-02 02:00:00+00:00,ETHUSD,SHORT,continuation,62,16,5,7,1,15,4,0,10,3,1,2541.825,D1_RESISTANCE,2512.641163,2550.520175,2407.975,2.763,0.0151,TP,1.647,-0.032,2.765,True,61,5,2024-11-02 03:00:00+00:00,2024-11-04 16:00:00+00:00,-0.015,9.0,False,23.9
2024-11-04 17:00:00+00:00,ETHUSD,SHORT,continuation,73,25,5,7,5,9,4,4,10,3,1,2483.18,H4_RESISTANCE,2435.895984,2472.618034,2314.0875,3.317,0.0151,SL,0.042,-1.201,2.132,True,20,4,2024-11-04 18:00:00+00:00,2024-11-05 14:00:00+00:00,-0.0448,8.0,False,27.9
2024-11-05 15:00:00+00:00,ETHUSD,SHORT,continuation,71,25,2,10,1,15,4,0,10,3,1,2448.416,D1_RESISTANCE,2446.07238,2482.763466,2317.65358,3.5,0.015,SL,-0.611,-1.307,1.22,False,8,3,2024-11-05 16:00:00+00:00,2024-11-06 00:00:00+00:00,-0.036,15.0,False,32.2
2024-11-23 09:00:00+00:00,ETHUSD,LONG,continuation,59,16,5,7,3,15,4,5,0,3,1,3348.286667,D1_SUPPORT,3353.15026,3302.853006,3506.91,3.057,0.015,SL,0.816,-1.427,2.87,True,26,5,2024-11-23 10:00:00+00:00,2024-11-24 12:00:00+00:00,0.1501,13.0,False,20.8
2024-11-25 05:00:00+00:00,ETHUSD,LONG,continuation,66,25,5,7,5,12,3,5,0,3,1,3366.778,D1_SUPPORT,3374.95656,3324.332212,3552.141779,3.5,0.015,SL,0.983,-1.202,3.392,True,27,5,2024-11-25 07:00:00+00:00,2024-11-26 10:00:00+00:00,0.1391,3.0,False,25.2
2024-11-26 23:00:00+00:00,ETHUSD,LONG,continuation,65,25,2,10,5,15,4,0,0,3,1,3306.57,H4_SUPPORT,3318.08054,3193.1229,3634.69,2.534,0.0377,TP,1.552,-0.125,2.624,True,21,5,2024-11-27 00:00:00+00:00,2024-11-27 21:00:00+00:00,0.1034,13.0,False,21.2
2024-12-03 14:00:00+00:00,ETHUSD,LONG,continuation,55,25,2,10,1,10,3,0,0,3,1,3536.236,D1_SUPPORT,3542.341087,3489.205971,3654.8425,2.117,0.015,TP,1.243,0.0,2.87,True,7,5,2024-12-03 17:00:00+00:00,2024-12-04 00:00:00+00:00,0.1152,17.0,False,23.2
2024-12-20 01:00:00+00:00,ETHUSD,SHORT,continuation,55,16,0,7,3,7,3,5,10,3,1,3458.118,D1_RESISTANCE,3386.24898,3492.69918,3031.12,3.336,0.0314,SL,0.963,-1.048,2.671,True,17,5,2024-12-20 02:00:00+00:00,2024-12-20 19:00:00+00:00,-0.0639,0.0,False,32.2
2024-12-22 00:00:00+00:00,ETHUSD,SHORT,continuation,61,8,5,7,3,15,4,5,10,3,1,3366.778,D1_RESISTANCE,3369.09474,3492.69918,3105.94,2.129,0.0367,SL,-0.134,-1.14,1.231,True,62,4,2024-12-22 01:00:00+00:00,2024-12-24 15:00:00+00:00,-0.0624,13.0,False,45.7
2024-12-27 00:00:00+00:00,ETHUSD,SHORT,continuation,66,16,5,7,0,15,4,5,10,3,1,3366.778,D1_RESISTANCE,3354.11484,3404.426563,3224.175714,2.583,0.015,SL,-0.669,-1.79,0.733,False,8,3,2024-12-27 01:00:00+00:00,2024-12-27 09:00:00+00:00,-0.0535,9.0,False,21.0
2025-01-05 22:00:00+00:00,ETHUSD,LONG,continuation,55,25,5,7,5,5,4,0,0,3,1,3532.59,D1_SUPPORT,3638.02936,3497.2641,3921.098571,2.011,0.0387,SL,-0.655,-1.593,0.759,False,40,3,2025-01-05 23:00:00+00:00,2025-01-07 15:00:00+00:00,0.0413,13.0,False,36.7
2025-01-08 04:00:00+00:00,ETHUSD,SHORT,continuation,55,8,0,7,3,15,4,4,10,3,1,3368.235,D1_RESISTANCE,3354.81624,3405.138484,3224.175714,2.596,0.015,TP,1.543,-0.627,2.914,True,12,5,2025-01-08 05:00:00+00:00,2025-01-08 17:00:00+00:00,-0.0467,17.0,False,41.6
2025-01-08 22:00:00+00:00,ETHUSD,SHORT,continuation,62,16,5,7,0,12,4,4,10,3,1,3368.235,D1_RESISTANCE,3339.80628,3401.91735,3122.417535,3.5,0.0186,TP,2.123,-0.281,3.752,True,106,5,2025-01-09 00:00:00+00:00,2025-01-13 10:00:00+00:00,-0.049,9.0,False,42.8
2025-01-13 11:00:00+00:00,ETHUSD,SHORT,continuation,63,16,0,7,5,12,4,5,10,3,1,3105.94,H4_RESISTANCE,3074.632088,3120.983325,2912.402756,3.5,0.0151,SL,0.983,-1.479,3.336,True,10,5,2025-01-13 12:00:00+00:00,2025-01-13 22:00:00+00:00,-0.1126,0.0,False,36.0
2025-01-14 07:00:00+00:00,ETHUSD,SHORT,continuation,56,16,2,0,1,15,4,4,10,3,1,3202.058,D1_RESISTANCE,3208.29392,3256.66016,3105.94,2.116,0.0151,SL,-0.697,-1.877,0.748,False,28,3,2025-01-14 09:00:00+00:00,2025-01-15 13:00:00+00:00,-0.075,16.0,False,36.9
2025-01-16 06:00:00+00:00,ETHUSD,LONG,continuation,60,25,5,7,0,12,4,3,0,3,1,3327.635714,D1_SUPPORT,3341.93655,3291.807502,3507.422857,3.301,0.015,SL,-1.08,-1.526,0.463,False,6,2,2025-01-16 08:00:00+00:00,2025-01-16 14:00:00+00:00,-0.0096,12.0,False,24.4
2025-01-27 19:00:00+00:00,ETHUSD,SHORT,continuation,66,16,5,7,0,15,4,5,10,3,1,3109.0075,H4_RESISTANCE,3082.08186,3140.097575,2879.026857,3.5,0.0188,SL,-1.064,-2.705,0.0,False,1,2,2025-01-27 20:00:00+00:00,2025-01-27 21:00:00+00:00,-0.0832,9.0,False,21.1
2025-01-29 10:00:00+00:00,ETHUSD,SHORT,continuation,60,16,2,7,1,12,4,4,10,3,1,3192.331429,D1_RESISTANCE,3143.9754,3224.254743,2862.997698,3.5,0.0255,SL,-0.578,-1.069,1.12,False,22,3,2025-01-29 11:00:00+00:00,2025-01-30 09:00:00+00:00,-0.0602,10.0,False,21.3
2025-02-03 02:00:00+00:00,ETHUSD,SHORT,continuation,69,25,0,7,5,9,4,5,10,3,1,2541.825,D1_RESISTANCE,2491.61328,2567.24325,2314.0875,2.347,0.0304,SL,-1.04,-1.867,0.587,False,4,2,2025-02-03 03:00:00+00:00,2025-02-03 07:00:00+00:00,-0.2466,0.0,False,26.4
2025-02-07 08:00:00+00:00,ETHUSD,SHORT,continuation,66,25,2,10,0,12,3,0,10,3,1,2738.896,D1_RESISTANCE,2735.0592,2776.085088,2591.468592,3.5,0.015,SL,-1.08,-1.095,0.277,False,4,2,2025-02-07 09:00:00+00:00,2025-02-07 13:00:00+00:00,-0.1396,7.0,False,36.5
2025-02-09 06:00:00+00:00,ETHUSD,SHORT,continuation,66,25,2,0,1,15,4,5,10,3,1,2686.97,D1_RESISTANCE,2668.36608,2766.28496,2448.416,2.246,0.0367,SL,-0.112,-1.298,1.515,True,87,4,2025-02-09 07:00:00+00:00,2025-02-12 22:00:00+00:00,-0.146,15.0,False,35.5
2025-02-13 11:00:00+00:00,ETHUSD,SHORT,continuation,73,25,2,10,5,9,4,4,10,3,1,2707.782857,D1_RESISTANCE,2661.50238,2734.860686,2448.416,2.905,0.0276,SL,-1.044,-1.026,0.664,False,26,2,2025-02-13 12:00:00+00:00,2025-02-14 14:00:00+00:00,-0.1182,0.0,False,27.8
2025-02-24 03:00:00+00:00,ETHUSD,SHORT,continuation,74,25,5,7,1,15,4,5,8,3,1,2738.896,D1_RESISTANCE,2723.51616,2766.28496,2606.1525,2.744,0.0157,TP,1.639,-0.287,5.226,True,18,5,2025-02-24 04:00:00+00:00,2025-02-24 22:00:00+00:00,-0.0547,3.0,False,20.7
2025-02-26 15:00:00+00:00,ETHUSD,SHORT,continuation,76,25,5,7,5,12,3,5,10,3,1,2448.416,D1_RESISTANCE,2433.32694,2472.90016,2315.2,2.985,0.0163,TP,1.792,0.0,4.226,True,2,5,2025-02-26 16:00:00+00:00,2025-02-26 18:00:00+00:00,-0.1404,0.0,False,31.5
2025-06-01 03:00:00+00:00,ETHUSD,SHORT,continuation,54,8,5,7,5,9,4,4,8,3,1,2567.653,H4_RESISTANCE,2518.3266,2593.32953,2255.816345,3.5,0.0298,SL,-1.04,-1.289,0.664,False,43,2,2025-06-01 04:00:00+00:00,2025-06-02 23:00:00+00:00,0.0594,10.0,False,24.3
2025-06-04 08:00:00+00:00,ETHUSD,LONG,continuation,65,25,5,7,5,15,4,0,0,3,1,2634.392,D1_SUPPORT,2635.70802,2542.718285,2961.172093,3.5,0.0353,SL,-1.034,-1.391,0.475,False,34,2,2025-06-04 09:00:00+00:00,2025-06-05 19:00:00+00:00,0.098,8.0,False,23.4
2025-06-10 12:00:00+00:00,ETHUSD,LONG,continuation,54,25,0,7,5,4,3,5,1,3,1,2696.2825,D1_SUPPORT,2759.64964,2669.319675,3075.804517,3.5,0.0327,SL,-0.568,-1.588,1.324,False,55,3,2025-06-10 13:00:00+00:00,2025-06-12 20:00:00+00:00,0.1288,10.0,False,22.5
2025-06-16 13:00:00+00:00,ETHUSD,LONG,continuation,70,25,5,7,5,15,4,5,0,3,1,2629.145,D1_SUPPORT,2634.74994,2534.2614,2986.45983,3.5,0.0381,SL,-1.031,-1.097,0.454,False,10,2,2025-06-16 14:00:00+00:00,2025-06-17 00:00:00+00:00,0.0548,8.0,False,23.8
2025-06-24 01:00:00+00:00,ETHUSD,SHORT,continuation,65,25,3,10,1,9,4,5,4,3,1,2456.175,D1_RESISTANCE,2418.593763,2455.054975,2290.979519,3.5,0.0151,SL,-0.611,-1.74,1.165,False,11,3,2025-06-24 05:00:00+00:00,2025-06-24 16:00:00+00:00,-0.0243,7.0,False,50.1
2025-06-28 05:00:00+00:00,ETHUSD,SHORT,continuation,69,25,2,10,0,12,4,4,8,3,1,2463.401667,D1_RESISTANCE,2427.0444,2488.035684,2213.574907,3.5,0.0251,SL,-1.048,-1.368,0.247,False,40,2,2025-06-28 06:00:00+00:00,2025-06-29 22:00:00+00:00,-0.0175,14.0,False,20.3
2025-07-04 03:00:00+00:00,ETHUSD,LONG,continuation,61,25,5,7,0,15,4,0,1,3,1,2561.688,D1_SUPPORT,2570.64528,2532.085601,2692.87,3.17,0.015,SL,-1.08,-1.046,0.276,False,3,2,2025-07-04 04:00:00+00:00,2025-07-04 07:00:00+00:00,0.0424,12.0,False,28.1
2025-07-08 12:00:00+00:00,ETHUSD,LONG,continuation,65,25,5,7,5,15,4,0,0,3,1,2561.688,D1_SUPPORT,2570.64528,2532.085601,2692.87,3.17,0.015,TP,1.901,-0.31,3.977,True,28,5,2025-07-08 14:00:00+00:00,2025-07-09 18:00:00+00:00,0.0387,0.0,False,20.6
2025-07-12 23:00:00+00:00,ETHUSD,LONG,continuation,58,25,5,7,1,7,3,5,1,3,1,2882.2275,D1_SUPPORT,2937.39344,2853.405225,3231.352193,3.5,0.0286,TP,2.146,-0.059,3.906,True,86,5,2025-07-13 00:00:00+00:00,2025-07-16 14:00:00+00:00,0.1457,7.0,False,59.0
2025-08-06 11:00:00+00:00,ETHUSD,LONG,continuation,57,16,2,10,1,15,4,5,0,3,1,3606.164286,H4_SUPPORT,3612.40072,3558.214709,3743.0,2.41,0.015,TP,1.426,-0.708,3.951,True,22,5,2025-08-06 12:00:00+00:00,2025-08-07 10:00:00+00:00,0.0729,5.0,False,21.4
2025-09-11 11:00:00+00:00,ETHUSD,LONG,continuation,60,25,5,7,3,12,4,0,0,3,1,4369.799167,H4_SUPPORT,4420.9404,4326.101175,4652.9125,2.446,0.0215,TP,1.473,-0.379,2.521,True,31,5,2025-09-11 12:00:00+00:00,2025-09-12 19:00:00+00:00,0.0376,8.0,False,21.5
2025-09-16 00:00:00+00:00,ETHUSD,LONG,continuation,66,25,3,10,5,15,4,0,0,3,1,4470.951818,H4_SUPPORT,4499.18601,4431.69822,4654.842222,2.306,0.015,SL,-1.08,-1.016,0.549,False,9,2,2025-09-16 04:00:00+00:00,2025-09-16 13:00:00+00:00,0.0387,3.0,False,26.0
2025-09-23 14:00:00+00:00,ETHUSD,SHORT,continuation,57,8,5,7,1,15,4,5,8,3,1,4198.347273,H4_RESISTANCE,4182.8991,4317.78535,3710.797225,3.5,0.0322,SL,1.025,-1.083,2.727,True,185,5,2025-09-23 15:00:00+00:00,2025-10-01 08:00:00+00:00,-0.0464,15.0,False,44.7
2025-10-02 05:00:00+00:00,ETHUSD,LONG,continuation,58,16,5,7,3,15,4,3,1,3,1,4374.907143,H4_SUPPORT,4375.25196,4309.623181,4550.452857,2.67,0.015,TP,1.588,-0.602,2.815,True,21,5,2025-10-02 06:00:00+00:00,2025-10-03 03:00:00+00:00,0.027,5.0,False,29.8
2025-10-03 16:00:00+00:00,ETHUSD,LONG,continuation,59,25,0,7,1,12,4,5,1,3,1,4463.8725,H4_SUPPORT,4502.216229,4434.682985,4653.805,2.245,0.015,TP,1.323,-0.921,2.581,True,69,5,2025-10-03 17:00:00+00:00,2025-10-06 14:00:00+00:00,0.056,15.0,False,46.2
2025-10-08 11:00:00+00:00,ETHUSD,LONG,continuation,57,25,2,2,5,15,4,0,0,3,1,4460.2775,D1_SUPPORT,4478.3254,4411.150519,4627.138,2.215,0.015,SL,-0.165,-1.193,1.186,True,14,4,2025-10-08 12:00:00+00:00,2025-10-09 02:00:00+00:00,0.0313,15.0,False,34.5
2025-10-11 03:00:00+00:00,ETHUSD,SHORT,continuation,55,16,0,7,3,9,4,4,8,3,1,3861.271111,H4_RESISTANCE,3799.84452,3899.883822,3449.706963,3.5,0.0263,SL,-0.577,-2.274,1.565,False,34,3,2025-10-11 04:00:00+00:00,2025-10-12 14:00:00+00:00,-0.1261,0.0,False,39.6
2025-10-13 07:00:00+00:00,ETHUSD,SHORT,continuation,62,16,3,10,5,12,4,0,8,3,1,4226.108,D1_RESISTANCE,4186.6566,4268.36908,3900.66292,3.5,0.0195,SL,0.095,-1.034,1.767,True,11,4,2025-10-13 08:00:00+00:00,2025-10-13 19:00:00+00:00,-0.0259,3.0,False,40.7
2025-10-16 08:00:00+00:00,ETHUSD,SHORT,continuation,54,16,5,7,1,9,4,0,8,3,1,4069.823,H4_RESISTANCE,4051.1226,4112.1948,3860.6025,3.12,0.0151,TP,1.87,-0.579,3.177,True,6,5,2025-10-16 10:00:00+00:00,2025-10-16 16:00:00+00:00,-0.061,4.0,False,22.1
2025-10-17 05:00:00+00:00,ETHUSD,SHORT,continuation,60,16,5,7,1,9,4,4,10,3,1,3956.604286,H4_RESISTANCE,3903.45132,3996.170329,3698.350909,2.212,0.0238,TP,1.332,0.0,2.229,True,3,5,2025-10-17 06:00:00+00:00,2025-10-17 09:00:00+00:00,-0.0809,12.0,False,22.3
2025-10-17 10:00:00+00:00,ETHUSD,SHORT,continuation,69,16,5,7,3,15,4,5,10,3,1,3762.527143,H4_RESISTANCE,3732.81072,3800.152414,3497.114789,3.5,0.018,SL,-1.067,-1.167,0.0,False,1,2,2025-10-17 11:00:00+00:00,2025-10-17 12:00:00+00:00,-0.1201,10.0,False,23.1
2025-10-19 01:00:00+00:00,ETHUSD,SHORT,continuation,63,16,2,10,5,9,4,5,8,3,1,3952.995,H4_RESISTANCE,3881.748,3992.52495,3610.81,2.446,0.0285,SL,-1.042,-1.086,0.494,False,11,2,2025-10-19 03:00:00+00:00,2025-10-19 14:00:00+00:00,-0.0773,3.0,False,23.5
2025-10-22 19:00:00+00:00,ETHUSD,SHORT,continuation,65,16,5,7,5,12,4,4,8,3,1,3860.6025,D1_RESISTANCE,3811.608,3899.208525,3610.81,2.292,0.023,SL,-1.052,-1.068,0.172,False,9,2,2025-10-22 23:00:00+00:00,2025-10-23 08:00:00+00:00,-0.0823,11.0,False,20.3
2025-10-23 21:00:00+00:00,ETHUSD,SHORT,continuation,62,16,5,7,1,15,4,0,10,3,1,3860.6025,D1_RESISTANCE,3836.56782,3983.62731,3321.859607,3.5,0.0383,SL,-1.031,-1.038,0.0,False,7,2,2025-10-23 22:00:00+00:00,2025-10-24 05:00:00+00:00,-0.0725,0.0,False,20.4
2025-10-27 06:00:00+00:00,ETHUSD,LONG,continuation,64,25,0,7,3,15,4,5,1,3,1,4221.536667,D1_SUPPORT,4226.73958,4084.6872,4627.138,2.819,0.0336,SL,-1.036,-1.07,0.047,False,19,2,2025-10-27 07:00:00+00:00,2025-10-28 02:00:00+00:00,0.0325,0.0,False,26.3
2025-10-29 03:00:00+00:00,ETHUSD,SHORT,continuation,66,16,5,10,3,12,4,4,8,3,1,4053.042,H4_RESISTANCE,4005.65532,4093.57242,3820.29,2.108,0.0219,TP,1.263,-0.353,2.392,True,32,5,2025-10-29 04:00:00+00:00,2025-10-30 12:00:00+00:00,-0.0256,8.0,False,24.1
2025-10-30 13:00:00+00:00,ETHUSD,SHORT,continuation,65,16,5,7,5,9,4,5,10,3,1,3856.556,D1_RESISTANCE,3774.21336,3895.12156,3351.03466,3.5,0.032,SL,-1.037,-1.091,0.779,False,29,2,2025-10-30 14:00:00+00:00,2025-10-31 19:00:00+00:00,-0.0791,0.0,False,23.8
2025-11-02 00:00:00+00:00,ETHUSD,SHORT,continuation,56,16,2,10,5,5,4,0,10,3,1,3961.157,H4_RESISTANCE,3873.99252,4000.76857,3430.276345,3.5,0.0327,TP,2.151,-0.349,3.537,True,63,5,2025-11-02 01:00:00+00:00,2025-11-04 16:00:00+00:00,-0.0467,3.0,False,30.7
2025-11-09 01:00:00+00:00,ETHUSD,SHORT,continuation,57,25,2,0,1,7,3,5,10,3,1,3476.5775,D1_RESISTANCE,3407.72184,3511.343275,3045.046818,3.5,0.0304,SL,-1.039,-1.505,0.245,False,9,2,2025-11-09 05:00:00+00:00,2025-11-09 14:00:00+00:00,-0.1188,11.0,False,33.4
2025-12-01 03:00:00+00:00,ETHUSD,SHORT,continuation,70,25,0,7,5,12,4,5,8,3,1,2874.522857,H4_RESISTANCE,2831.42154,2903.268086,2590.4825,3.354,0.0254,SL,-0.588,-1.094,1.606,False,32,3,2025-12-01 06:00:00+00:00,2025-12-02 14:00:00+00:00,-0.1322,0.0,False,20.4
2025-12-06 23:00:00+00:00,ETHUSD,SHORT,continuation,55,16,2,0,1,15,4,5,8,3,1,3063.834,D1_RESISTANCE,3047.1477,3093.0846,2886.36855,3.5,0.0151,SL,0.983,-1.903,3.04,True,17,5,2025-12-07 00:00:00+00:00,2025-12-07 17:00:00+00:00,-0.0477,17.0,False,21.4
2025-12-12 18:00:00+00:00,ETHUSD,SHORT,continuation,69,25,5,7,5,5,4,5,8,3,2,3168.707778,H4_RESISTANCE,3085.89948,3200.394856,2697.155,3.395,0.0371,TIMEOUT,1.48,-0.8,2.714,True,240,5,2025-12-12 20:00:00+00:00,2025-12-22 20:00:00+00:00,-0.0349,10.0,False,24.3
2025-12-23 09:00:00+00:00,ETHUSD,SHORT,continuation,72,25,5,7,3,15,4,0,8,3,2,2994.120667,H4_RESISTANCE,2969.928,3024.061874,2789.0675,3.341,0.0182,SL,-0.607,-1.451,1.501,False,137,3,2025-12-23 10:00:00+00:00,2025-12-29 03:00:00+00:00,-0.0423,5.0,False,21.4
2026-01-05 04:00:00+00:00,ETHUSD,LONG,continuation,61,16,5,7,3,15,4,5,1,3,2,3132.886,H4_SUPPORT,3160.77578,3038.34135,3466.4375,2.497,0.0387,TIMEOUT,1.211,-0.867,1.978,True,240,5,2026-01-05 05:00:00+00:00,2026-01-15 05:00:00+00:00,0.0393,15.0,False,43.8
2026-01-15 14:00:00+00:00,ETHUSD,LONG,continuation,55,16,5,7,3,9,4,5,1,3,2,3269.681538,H4_SUPPORT,3335.62538,3236.984723,3679.161667,3.483,0.0296,SL,-1.041,-1.601,0.337,False,81,2,2026-01-15 15:00:00+00:00,2026-01-19 00:00:00+00:00,0.0744,0.0,False,30.2
2026-01-20 09:00:00+00:00,ETHUSD,SHORT,continuation,54,8,0,7,5,12,4,5,8,3,2,3134.251333,H4_RESISTANCE,3100.2882,3165.593846,2942.03,2.423,0.0211,TP,1.458,-0.225,2.761,True,12,5,2026-01-20 10:00:00+00:00,2026-01-20 22:00:00+00:00,-0.0178,5.0,False,22.6
2026-01-21 11:00:00+00:00,ETHUSD,SHORT,continuation,66,25,0,7,1,9,4,5,10,3,2,2995.522381,H4_RESISTANCE,2948.886,3025.477605,2789.0675,2.087,0.026,SL,-1.046,-1.018,0.0,False,1,2,2026-01-21 14:00:00+00:00,2026-01-21 15:00:00+00:00,-0.0629,4.0,False,39.5
2026-01-22 16:00:00+00:00,ETHUSD,SHORT,continuation,68,16,5,7,5,12,4,4,10,3,2,2995.522381,H4_RESISTANCE,2952.13248,3025.477605,2789.0675,2.223,0.0248,TP,1.341,-0.915,2.251,True,75,5,2026-01-22 17:00:00+00:00,2026-01-25 20:00:00+00:00,-0.059,10.0,False,37.1
2026-01-27 09:00:00+00:00,ETHUSD,SHORT,continuation,79,25,2,10,5,15,4,5,8,3,2,2942.21,H4_RESISTANCE,2914.837575,2958.77985,2788.837778,2.867,0.0151,SL,-1.08,-1.904,0.343,False,6,2,2026-01-27 10:00:00+00:00,2026-01-27 16:00:00+00:00,-0.0562,3.0,False,23.8
2026-03-19 17:00:00+00:00,ETHUSD,SHORT,continuation,56,16,5,7,3,12,4,0,4,3,2,2149.095714,H4_RESISTANCE,2131.21392,2170.586671,2026.311818,2.664,0.0185,SL,-1.065,-1.159,0.253,False,13,2,2026-03-19 19:00:00+00:00,2026-03-20 08:00:00+00:00,-0.0029,16.0,False,35.9
2026-03-20 17:00:00+00:00,ETHUSD,SHORT,continuation,56,16,5,7,0,15,4,0,4,3,2,2152.56375,H4_RESISTANCE,2140.96338,2174.089387,2026.311818,3.461,0.0155,TP,2.086,-0.824,3.47,True,48,5,2026-03-20 21:00:00+00:00,2026-03-22 21:00:00+00:00,0.0013,9.0,False,33.1
2026-03-22 22:00:00+00:00,ETHUSD,SHORT,continuation,68,16,5,7,3,15,4,5,8,3,2,2081.99,D1_RESISTANCE,2066.79534,2102.8099,1988.406429,2.177,0.0174,SL,-0.161,-3.659,1.215,True,12,4,2026-03-22 23:00:00+00:00,2026-03-23 11:00:00+00:00,-0.0322,10.0,False,33.0
2026-03-24 16:00:00+00:00,ETHUSD,SHORT,continuation,58,16,2,10,5,12,4,0,4,3,2,2158.425455,H4_RESISTANCE,2131.4544,2180.00971,2014.89,2.401,0.0228,SL,-1.053,-1.245,0.0,False,12,2,2026-03-24 20:00:00+00:00,2026-03-25 08:00:00+00:00,-0.0015,5.0,False,22.6
2026-03-28 09:00:00+00:00,ETHUSD,SHORT,continuation,72,25,5,7,1,12,4,3,10,3,2,2026.643571,H4_RESISTANCE,2003.51904,2046.910007,1915.764,2.022,0.0217,SL,-1.055,-1.012,0.26,False,3,2,2026-03-28 10:00:00+00:00,2026-03-28 13:00:00+00:00,-0.057,17.0,False,33.6
2026-03-29 02:00:00+00:00,ETHUSD,SHORT,continuation,72,25,5,7,1,12,4,5,8,3,2,2038.9,D1_RESISTANCE,2012.94786,2059.289,1915.764,2.097,0.023,SL,0.484,-1.194,1.6,True,28,5,2026-03-29 03:00:00+00:00,2026-03-30 07:00:00+00:00,-0.0507,0.0,False,32.1
2026-04-08 12:00:00+00:00,ETHUSD,LONG,continuation,54,16,0,7,3,9,4,5,4,3,3,2211.115,H4_SUPPORT,2211.6097,2178.435555,2327.71921,3.5,0.015,SL,-1.08,-1.495,0.841,False,11,2,2026-04-08 14:00:00+00:00,2026-04-09 01:00:00+00:00,0.0725,15.0,False,28.5
2026-04-09 18:00:00+00:00,ETHUSD,LONG,continuation,61,16,5,7,3,15,4,5,1,3,2,2200.11,H4_SUPPORT,2202.44628,2143.32822,2409.35949,3.5,0.0268,TP,2.143,-0.464,3.604,True,112,5,2026-04-09 22:00:00+00:00,2026-04-14 14:00:00+00:00,0.046,3.0,False,26.5
2026-04-16 23:00:00+00:00,ETHUSD,LONG,continuation,56,16,5,7,1,9,4,5,4,3,2,2297.025714,H4_SUPPORT,2343.47366,2274.055457,2586.437371,3.5,0.0296,SL,-0.572,-1.008,1.749,False,68,3,2026-04-17 00:00:00+00:00,2026-04-19 20:00:00+00:00,0.0811,11.0,False,28.2
2026-05-04 09:00:00+00:00,ETHUSD,LONG,continuation,69,25,5,7,3,12,4,3,4,3,3,2345.415,H4_SUPPORT,2350.20054,2314.947532,2473.586068,3.5,0.015,SL,0.076,-1.022,2.086,True,63,4,2026-05-04 10:00:00+00:00,2026-05-07 01:00:00+00:00,0.0457,8.0,False,24.2
2026-05-13 18:00:00+00:00,ETHUSD,SHORT,continuation,59,8,5,7,3,15,4,4,8,3,2,2269.831667,D1_RESISTANCE,2264.19936,2298.16235,2162.903333,2.983,0.015,SL,-0.644,-1.045,0.753,False,19,3,2026-05-13 20:00:00+00:00,2026-05-14 15:00:00+00:00,-0.013,10.0,False,24.6
2026-05-16 12:00:00+00:00,ETHUSD,SHORT,continuation,69,25,0,7,3,12,4,5,8,3,2,2211.108333,D1_RESISTANCE,2180.853,2233.219416,2070.917222,2.099,0.024,TP,1.262,-0.33,2.346,True,149,5,2026-05-16 14:00:00+00:00,2026-05-22 19:00:00+00:00,-0.0462,10.0,False,34.9
2026-05-23 00:00:00+00:00,ETHUSD,SHORT,continuation,72,25,0,7,3,15,4,3,10,3,2,2066.452,D1_RESISTANCE,2068.75926,2125.808946,1915.764,2.682,0.0276,SL,-0.626,-1.371,1.042,False,19,3,2026-05-23 01:00:00+00:00,2026-05-23 20:00:00+00:00,-0.0758,15.0,False,28.9
2026-05-24 05:00:00+00:00,ETHUSD,SHORT,continuation,62,25,3,2,1,9,4,5,8,3,2,2162.131429,D1_RESISTANCE,2124.21996,2183.752743,1915.855218,3.5,0.028,TP,2.145,-0.298,3.934,True,225,5,2026-05-24 06:00:00+00:00,2026-06-02 15:00:00+00:00,-0.0463,12.0,False,30.8
